name,numTopic,numPost,numPoint,title
爱健身爱未来,291,8388,1万,None
morxio,233,6万,8万,社区元勋
聂小倩,755,32万,37万,None
海淘淘淘乐,766,4万,6万,社区元勋
Haibian,499,10万,12万,None
爱吃米饭的熊猫,2,15,48,新手上路
justanothergirl,102,3564,5530,社区达人
LaL1314,19,291,550,中级会员
海淘新新人,363,40万,48万,None
cjkdream,84,1万,1万,社区元老
单云单云,28,1万,1万,社区元老
aidan,7,458,759,中级会员
简简单单的小白,3,78,331,普通会员
xuyelei90,69,1万,2万,社区元老
KellyC-iHerb,3156,2万,2万,None
俞晓楠,409,6644,9566,社区达人
蒙蒙大雨,27,2505,3900,金牌会员
Minnie,465,14万,17万,None
512371434,341,2万,2万,社区元老
铃铛L,107,7万,9万,社区元勋
1603116,377,10万,12万,None
Break_22,281,13万,16万,None
wendycastle,19,335,942,中级会员
Jessie88,293,12万,15万,None
Cynthia辛西娅,268,24万,29万,None
喵喵00,303,14万,15万,社区长老
douhong,1383,3万,4万,社区元老
初学者老头子,40,9972,1万,社区元老
lucky❤,65,1万,1万,社区元老
loveuniuniu,703,24万,27万,None
胖胖可乐,428,9万,10万,None
jerry113,0,18,227,普通会员
Bulldog,67,349,501,中级会员
gfeng813,102,1267,2223,高级会员
hstsk,323,1万,1万,社区元老
lovevicky,271,9万,11万,None
wilson122,141,1771,3900,金牌会员
shirley567,87,10万,13万,社区长老
leyah4,5,560,1198,高级会员
fightinggirl,13,127,350,普通会员
茉莉981,35,2324,3490,金牌会员
Henterring,11,262,543,中级会员
不必过分多说,17,117,662,中级会员
幻灭归墟,91,3045,5296,None
肌肉爷们,15,180,483,普通会员
eq0619,2,240,556,中级会员
两小儿辩日,5,16,111,普通会员
香菇兔,25,576,1494,高级会员
花豹子,227,7万,8万,社区元勋
东风唯笑,1,64,172,普通会员
chenzhuops2,4,32,73,普通会员
fangxiang9,34,519,1060,高级会员
jcmyonghui,283,1万,2万,社区元老
qq744818,105,1924,3319,金牌会员
jmdgypf,5,7,47,新手上路
gjy19870227,35,576,1358,高级会员
cherish_panda,123,19万,23万,社区长老
yy8419,43,816,1596,高级会员
54Lilian,10,727,1352,高级会员
pzbkiller,30,1978,2897,高级会员
spermicide,8,101,386,普通会员
请叫我毛老板s,29,2994,4426,金牌会员
婷婷欲立,20,604,1310,高级会员
wzt820,3,27,73,普通会员
自由之路,20,9234,1万,社区元老
zh199809,21,698,1236,高级会员
密斯特,0,50,205,普通会员
买一些,206,1万,2万,社区元老
大内密探至尊宝,11,53,122,普通会员
勿施于人丶,1,35,192,普通会员
lizhenjiang99,34,513,710,中级会员
幸福很簡單,454,14万,16万,社区长老
华夏粉王,1,82,515,中级会员
神兜兜,1,188,1908,高级会员
qswsqsw,0,3,21,新手上路
TerryTao,42,298,794,中级会员
九师弟,46,1036,1876,高级会员
kamen69,4,49,185,普通会员
shuo3308,5,57,185,普通会员
190649676,19,349,1122,高级会员
ZHOujw,5,32,82,普通会员
jul1et,18,917,2521,高级会员
crazy634,11,59,349,普通会员
bebabo,15,232,819,中级会员
dexxxx,2,16,51,普通会员
Perfectionist,4,121,524,中级会员
得得得,1,6,17,新手上路
借烟戒爱,9,46,240,普通会员
傻猫_笑嘻嘻,1,11,20,新手上路
a344169199,1,11,237,普通会员
wdktcml,28,124,351,普通会员
琴醉要健身,0,8,31,新手上路
DanielX,34,228,562,中级会员
JohnnyZheng,5,61,129,普通会员
克劳德龙,2,22,310,普通会员
JJST,1,4,17,新手上路
monkass,2,21,57,普通会员
happypiggy,10,186,728,中级会员
lguoxian,48,3万,3万,None
RickyCheung,2,57,400,普通会员
pengxuehuibbq,19,87,420,普通会员
粒粒LL,6,276,621,中级会员
jpljbyy,2,9,100,普通会员
Dylan1030,76,979,2786,高级会员
ntwulei,9,106,649,中级会员
小草6688,0,11,17,新手上路
kinginkingJB,0,1,13,新手上路
孤单的睾丸,16,115,256,普通会员
跑出自信,2,9,55,普通会员
李大超,81,2万,2万,社区元老
davyma12,55,826,1523,高级会员
asamiya16,3,68,278,普通会员
Bodyhacker,30,98,223,普通会员
煎饼果子,22,328,870,中级会员
砍手的节奏,169,8万,10万,社区长老
1065255614,6,33,112,普通会员
吾与谁归,23,1285,3078,金牌会员
fengshun,1,73,233,普通会员
Muscle爱健身,20,626,1179,高级会员
雁行十二倦,6,107,458,普通会员
demo,57,1933,2915,高级会员
有品青年,16,130,545,中级会员
lijingcheng1900,3,61,141,普通会员
阿土伯鸡蛋,1,7,57,普通会员
腔调运动营养,0,1,3,新手上路
nice858,2,43,647,中级会员
zhugao0663,26,883,1991,高级会员
mrhong,21,1265,1927,高级会员
单身坏坏,8,80,643,中级会员
肌肉凯,0,3,15,新手上路
colin,0,2,33,新手上路
Awake,4,16,95,普通会员
永乐大帝,0,3,7,新手上路
瘦肉精里的小强,18,153,404,普通会员
小飞侠1987,203,11万,13万,None
tianle817,34,133,600,中级会员
泥巴种和细语,1,9,142,普通会员
ZMSML。,4,81,250,普通会员
噗雷噗雷的痛,0,53,326,普通会员
kingsz,67,6049,7563,社区达人
vvvvww,1,7,44,新手上路
shanwnc,0,1,13,新手上路
87515885,0,10,104,普通会员
joe哥哥,0,35,241,普通会员
wzzhiwei,20,64,258,普通会员
梦话的梦想,0,13,65,普通会员
lostmindt,0,12,75,普通会员
不忘初心,1,14,35,新手上路
zzc19,2,29,55,普通会员
suming123456,22,78,303,普通会员
lcq3312,1,4,11,新手上路
kevendd,1,9,49,新手上路
lala799,3,26,122,普通会员
史泰龙,34,299,1042,高级会员
x_hyacinth,42,2323,4456,金牌会员
qinming412,19,83,472,普通会员
小迪尔twer,28,127,214,普通会员
aikuaimei123,2,18,84,普通会员
希望变成瘦子,0,23,91,普通会员
我家妞妞,12,739,1453,高级会员
叫什么名字好呢,30,149,474,普通会员
la_vera,3,1338,3216,金牌会员
Provence,47,4279,5753,社区达人
hongyi3866,0,76,271,普通会员
llinda,216,23万,27万,None
wwwnn,162,1万,1万,社区元老
nonicer,9,53,211,普通会员
健身小白,83,701,1701,高级会员
thinktank,8,549,1988,高级会员
广纳百金,90,10万,12万,社区长老
qidan,0,1,5,新手上路
杨运华,11,58,138,普通会员
wjking1987,0,16,232,普通会员
wangyoubao,0,9,21,新手上路
不着调,5,46,204,普通会员
代号949,0,6,61,普通会员
wangxucomn,33,311,736,中级会员
mahaiping,5,72,323,普通会员
lovevcvcvc,1,4,13,新手上路
鱼鱼鱼鱼鱼6,1,26,49,新手上路
老龙王,1,4,40,新手上路
dennistwist,54,410,696,中级会员
奔跑的猪卤,0,2,4,新手上路
神龟战日天,11,66,228,普通会员
lzeqq,4,32,136,普通会员
杨西西,4,63,137,普通会员
ajzone,2,32,477,普通会员
thunder8415,18,418,749,中级会员
alexmurphy,11,81,519,中级会员
小卓卓_jnu,3,46,137,普通会员
zxb0508,6,17,73,普通会员
小大胖猫,0,3,209,普通会员
wyue_7,0,4,10,新手上路
ealy1102,4,162,485,普通会员
蜡笔大新,7,46,382,普通会员
WwJjXx,0,7,128,普通会员
刘_郭,24,5147,6360,社区达人
mini58zc,4,24,58,普通会员
jiadahai5337,9,60,204,普通会员
rzzkl,23,180,988,中级会员
一路火花带闪电,13,108,189,普通会员
Don,762,4794,1万,None
坚持向前,13,212,461,普通会员
cyrhinoceros,22,337,713,中级会员
momo123,27,601,1631,高级会员
aquablue,26,256,564,中级会员
duheng,6,73,288,普通会员
lan2013,2,469,756,中级会员
STEFAN_GG,0,5,19,新手上路
阿庆aaa,12,50,152,普通会员
jianshen007,5,7,91,普通会员
温州黄浙,0,3,7,新手上路
健身坚持到老,1,6,26,新手上路
强尼疯狗,4,52,385,普通会员
532010121,24,328,820,中级会员
爱学习爱健身,7,71,317,普通会员
march113,6,91,401,普通会员
爱健身爱老婆,1,9,60,普通会员
GONGKENAN,0,2,8,新手上路
Hothead,18,189,714,中级会员
acejx1995,5,9,162,普通会员
jxlnzlb,4,20,116,普通会员
萌萌小牛,0,2,24,新手上路
wss477647322,0,1,5,新手上路
弗兰克斯坦,5,110,289,普通会员
Tai,1,7,21,新手上路
arthur315,2,12,58,普通会员
normano,1,24,136,普通会员
坚持每天进步,10,243,487,普通会员
a7297370,2,14,444,普通会员
↖寂寞↗自由,108,662,1798,高级会员
Stefan,1,18,336,普通会员
yuanlin,75,1251,1839,高级会员
HINAGIKU,17,186,1123,高级会员
王壮壮,6,257,574,中级会员
GYM馄饨,2,34,88,普通会员
deanbear,3,18,53,普通会员
Leontius,5,127,1335,高级会员
小幸福,2,12,98,普通会员
Belial,7,68,384,普通会员
haibin,0,1,3,新手上路
ingeqc,174,6万,7万,社区元勋
嬌愾の鈅伢ル,314,6056,8984,社区达人
驴大锤,5,129,490,普通会员
SF,0,102,423,None
handan0508,25,383,890,中级会员
凹牛,14,114,480,普通会员
Dalong5162,3,59,285,普通会员
牛妞宝贝,384,9748,1万,社区元老
a 5873848,15,112,329,普通会员
gyweilu,0,12,50,普通会员
arska,0,5,65,普通会员
309156843,110,1310,2815,高级会员
marcel84,4,17,119,普通会员
ledsen,1,9,29,新手上路
hbf00000,16,438,1392,高级会员
sq660928,35,179,1144,高级会员
艾彼爷们,2,94,462,普通会员
叶从树上飘落,0,1,7,新手上路
人品有问题吗,5,200,547,中级会员
带血的至今,2,23,199,普通会员
zz55z678,7,23,273,普通会员
aaron66,4,61,232,普通会员
谁睡谁,6,110,218,普通会员
rainmaker229,1,25,117,普通会员
LZ84,0,9,91,普通会员
二狗子你变了,1,65,448,普通会员
湖心悠悠,205,13万,15万,社区长老
544700769,8,37,105,普通会员
shengballa,3,28,72,普通会员
SONIC丶,1,8,13,新手上路
xcb1127,1,4,25,新手上路
jswxnxl,4,186,645,中级会员
qq1440780557,3,44,122,普通会员
容哥哥,7,60,237,普通会员
天弘哥哥,0,1,29,新手上路
pingle,1,8,127,普通会员
Huangjizhou,0,1,9,新手上路
不剁手了,13,254,432,普通会员
花开落无声,10,24,182,普通会员
285440955,4,24,164,普通会员
nommili,1,9,24,新手上路
Carson_Ho,0,1,19,新手上路
qdfg454545,1,8,24,新手上路
西木敏,5,19,244,普通会员
爱Buy站,0,2,24,新手上路
y_ami,23,353,1304,高级会员
咸肉同学,2,22,119,普通会员
hehexs,0,5,130,普通会员
小张同学爱静静,0,1,13,新手上路
杨思涵,35,485,1343,高级会员
Zzlin,0,2,22,新手上路
lzm314,1,38,68,普通会员
qinqinok,1,4,152,普通会员
wangjunandwj,0,2,40,新手上路
超级辰宝宝,1,9,22,新手上路
奔跑的肥肉,6,19,168,普通会员
ffxv,0,10,74,普通会员
longxu6200,2,18,70,普通会员
星星如火,10,168,456,普通会员
dreamtim,1,23,499,普通会员
記憶,14,55,372,普通会员
qqvx741,1,4,17,新手上路
小麻雀,144,3152,4869,金牌会员
lawtion,1,4,19,新手上路
13022733157,3,6,47,新手上路
菠萝吹雪,3,150,318,普通会员
aiwan,6,89,595,中级会员
minitomato,5,102,446,普通会员
rudy348,13,57,556,中级会员
janeliang,1,4,34,新手上路
玄烨.,7,11,84,普通会员
tonychacha,2,6,23,新手上路
Mr.G,1,18,39,新手上路
FITvlee,1,7,39,新手上路
SUNDEN2000,1,8,35,新手上路
caocao658,4,14,187,普通会员
richilee,7,61,241,普通会员
半瓶子醋,2,20,38,新手上路
fljadio,0,5,83,普通会员
joedoe,11,262,789,中级会员
shflow,54,8万,9万,社区元勋
海布里枪兵,0,8,23,新手上路
大江山悉皆杀,1,3,64,普通会员
摸摸大不大,0,1,27,新手上路
yamoto123,1,1,6,新手上路
iamg04,12,38,190,普通会员
蓝火人,2,14,55,普通会员
之乎者也,0,3,15,新手上路
蓝鳍金枪鱼,0,3,5,新手上路
cy200360,15,139,214,普通会员
及喏笔丽,4,56,453,普通会员
stranchong,1,42,181,普通会员
whonever2012,4,27,436,普通会员
bigtydi,4,76,442,普通会员
kakshel,0,1,15,新手上路
lllwzj,1,8,52,普通会员
Helen1021,50,325,1056,高级会员
生命丶练习生,0,11,47,新手上路
zx馨,0,8,12,禁止发言
一路向南,2,3,24,新手上路
gentlecat,3,27,180,普通会员
287006166,3,32,360,普通会员
tummm,3,15,58,普通会员
Znnwbd,0,14,26,禁止发言
tao2044,4,34,123,普通会员
纪颖艺,1,3,110,普通会员
jyf18z,5,60,144,普通会员
cjm900529ok,1,2,9,新手上路
lzf131415,2,22,97,普通会员
SunnyMonkey,2,10,43,新手上路
愤怒的细菌,23,122,407,普通会员
850404426,20,121,416,普通会员
带你去拉风,0,4,32,新手上路
hkoc999888,34,843,1917,高级会员
小蝌蚪嗯,1,11,32,新手上路
624876254,19,1204,2207,高级会员
小天才电子,7,85,319,普通会员
天涯浪子,43,287,342,普通会员
mxk32718409,5,29,290,普通会员
戏言121,0,2,15,新手上路
jojo_lee,1,13,47,新手上路
路先锋,12,80,656,中级会员
yuwenxin,0,8,43,新手上路
orangewinnie,1,10,32,新手上路
superningning,46,350,806,中级会员
Muscletech,6,26,187,普通会员
zuictm,7,49,231,普通会员
铁扇公主,109,4万,5万,社区元勋
WZA119,0,10,125,普通会员
yiweisusu,5,36,120,普通会员
shadow841112,1,25,149,普通会员
potro,8,105,403,普通会员
wujx46,38,296,1288,高级会员
蛋白质,6,47,194,普通会员
黄卫兵,9,34,118,普通会员
淘淘乐,8,592,852,中级会员
surpassZSMJ,1,2,17,新手上路
yang349199,2,2,22,新手上路
盛夏宝宝,3,13,175,普通会员
一乐o,1,9,21,新手上路
eemmmmaa,44,290,620,中级会员
cdleslie,2,8,69,普通会员
赵威风,0,1,3,新手上路
Working4Better,10,18,232,普通会员
chongjianxx,3,19,139,普通会员
5fabio,2,15,101,普通会员
kabuto,6,20,301,普通会员
夏末花不开,1,1,29,新手上路
htkyo1985,6,28,179,普通会员
huyueshan88,0,1,39,新手上路
frostyuka,19,2万,3万,社区元老
MIKE...,1,2,20,新手上路
Yuk_Cheung,7,99,377,普通会员
qiu0205,181,2441,3704,金牌会员
15842001213,13,140,685,中级会员
偏爱孔方兄,15,505,932,中级会员
健减贱,0,14,41,新手上路
TZL,8,39,190,普通会员
马里亚纳海沟,16,79,252,普通会员
Mania,8,84,358,普通会员
anson_liang,0,6,27,新手上路
星辰屋,2,15,38,新手上路
FitnessWGJ,6,31,140,普通会员
hghabbc,0,1,14,新手上路
大头大头娃,2,68,226,普通会员
王鹏鹏guapo,8,68,276,普通会员
王钊001,9,58,298,普通会员
HBfoxstep,17,323,732,中级会员
woooooos,1,7,31,新手上路
高兴得很呐,0,3,24,新手上路
nnsnxj,0,2,31,新手上路
吾游春秋战国,3,21,86,普通会员
xhjyf,4,27,228,普通会员
justin31,17,63,293,普通会员
1805345043,0,3,16,新手上路
dykcxm,4,73,876,中级会员
我为人人,2,65,210,普通会员
o1y38zar,2,11,37,新手上路
梁家大少,5,1054,2440,高级会员
sq008,8,65,328,普通会员
klaold,4,94,201,普通会员
misstutu30,14,28,261,普通会员
yoyoxiaohuo,0,2,65,普通会员
nipbb,3,66,467,普通会员
Carlton523,4,68,211,普通会员
玉面骆驼侠,3,65,141,普通会员
Gregly,20,94,306,普通会员
ROCK123,4,19,116,普通会员
MuscleHound,4,19,107,普通会员
xiaoqiang,15,96,270,普通会员
feitianxiaozhu,14,161,605,中级会员
baoss427,0,2,11,新手上路
supermancool,8,45,219,普通会员
yaifil,17,999,2624,高级会员
飘扬的红领巾,9,71,350,普通会员
Lydia-G,14,102,148,普通会员
健身房的苹果,34,145,473,普通会员
xz_0131,43,317,630,中级会员
肌小白,8,28,104,普通会员
电风扇,5,87,164,普通会员
addison1026,13,61,231,普通会员
小凡也疯狂,0,9,32,新手上路
牧生,25,845,2219,高级会员
happyme,8,34,110,普通会员
red001,1,6,18,新手上路
飞奔的果冻,4,7,113,普通会员
ewido,0,1,16,新手上路
火箭脑残粉,3,4,20,新手上路
黄衣陌客,2,8,38,新手上路
atshi,2,7,135,普通会员
_龍神,2,6,57,普通会员
西江月夜美,0,19,76,普通会员
卡比兽,2,12,35,新手上路
fhzjb,6,13,65,普通会员
mai390133927,0,2,31,新手上路
zzmzzm,4,8,155,普通会员
svn817,3,16,182,普通会员
言欢吴,4,62,224,普通会员
kewell,15,80,211,普通会员
harrymore,0,1,50,普通会员
糖拌饭,9,25,132,普通会员
huang1222,2,10,40,新手上路
fr2p,1,26,174,普通会员
maoshen,42,583,1113,高级会员
Turing,0,19,116,普通会员
万物刍狗,9,71,426,普通会员
璀璨胸肌,3,56,103,普通会员
红领巾,43,287,546,中级会员
Trombe,0,2,15,新手上路
革命一块砖,0,1,28,新手上路
justatiger,2,40,247,普通会员
Alphard,33,1万,2万,社区元老
silver113,11,71,296,普通会员
心随风飞,3,6,31,新手上路
千羽风轩,0,6,75,普通会员
TeacherL,2,39,101,普通会员
盲从与你m,4,25,72,普通会员
18650380536,42,1834,2776,高级会员
lbk025699,2,25,169,普通会员
yyy888,16,239,447,普通会员
suncheshen,12,100,401,普通会员
魏毋忌,12,95,188,普通会员
☆渊♂,53,1857,2437,高级会员
baojp3,0,21,91,普通会员
扫货大王,16,114,647,中级会员
iamthenight,0,10,63,普通会员
online1024,4,6,75,普通会员
yugang1124,7,677,1037,高级会员
Dr.Ian,5,64,359,普通会员
helenccpan,70,2656,5479,社区达人
福神,29,135,390,普通会员
欧普特萌,42,287,643,中级会员
m10521212,16,374,636,中级会员
冠希哥的剧情,15,84,256,普通会员
takuya1996,0,1,94,普通会员
和平女士,13,51,157,普通会员
doutian9999,86,2万,2万,社区元老
taisen,0,4,19,新手上路
Peng,0,2,19,新手上路
wan567,0,3,38,新手上路
weigege,2,5,18,新手上路
猫叔你不懂,0,2,31,新手上路
笑语轻尘,58,658,1677,高级会员
Lee万鸡,9,42,133,普通会员
爱健身的程序员,0,4,109,普通会员
chanbobo,192,4万,4万,社区元老
Ekws,23,340,541,中级会员
tangyuan,101,4万,5万,社区元勋
讀書人,0,4,64,普通会员
zixingzilv,124,9012,1万,社区元老
木吊兰,8,1039,2521,高级会员
淡蓝,8,352,964,中级会员
943054739,15,52,129,普通会员
weite0126,103,3729,5354,社区达人
macasd,1,12,257,普通会员
Law人,18,85,407,普通会员
喜哆哆,2,5,83,普通会员
JAVEN,0,6,59,普通会员
Chuck96,3,15,58,普通会员
828853,9,144,326,普通会员
sd_wjj,0,9,124,普通会员
rachelcys,14,313,840,中级会员
jiuaiajiao,9,48,375,普通会员
getdone,3,8,46,新手上路
natsukihanae,38,3729,5002,社区达人
善若水,53,6万,7万,社区元老
笛子666,4,10,49,新手上路
lian1314,4,33,89,普通会员
的痕迹,2,3,16,禁止发言
等各环,3,9,36,禁止发言
michaelchum,1,6,46,新手上路
afeitao,2,18,71,普通会员
WildWild,31,949,1494,高级会员
ronanchs,18,124,462,普通会员
qwencd,20,414,1269,高级会员
Nikluas,10,22,86,普通会员
风术,5,55,205,普通会员
安沐景,0,3,18,新手上路
leiyangal,12,155,335,普通会员
bigtime,6,167,347,普通会员
此去H经年,8,53,117,普通会员
masker,1,23,145,普通会员
zxybingbing,6,91,172,普通会员
marvelliu,7,37,219,普通会员
大拇指,93,8万,10万,社区元老
YUR,0,1,18,新手上路
天禹宝贝,5,195,267,普通会员
阿哲西,12,151,417,普通会员
胖胖胖胖胖胖子,3,19,103,普通会员
主要是来买粉的,3,18,36,新手上路
vincent105,1,4,54,普通会员
tas12,8,145,347,普通会员
angelk7,8,47,161,普通会员
大黄蜂,17,8763,1万,社区达人
HZL524613,4,38,77,普通会员
mln,2,97,389,普通会员
540395452,1,8,34,新手上路
只是来买蛋白粉,8,39,107,普通会员
ycw545,1,6,44,新手上路
健身补剂王,4,23,53,普通会员
小鹏健身,2,13,46,新手上路
lalalal,10,54,313,普通会员
小公主,12,518,1619,高级会员
roobin,3,7,50,普通会员
东北大呲花,2,27,137,普通会员
asdg,19,1472,2001,高级会员
abey0616,15,127,399,普通会员
grubs,2,20,67,普通会员
AlexanderBan,18,355,771,中级会员
bleedk,1,3,16,新手上路
寒蝉鸣泣之时,8,280,559,中级会员
rmwanz,3,14,95,普通会员
梅园有大雾,12,103,421,普通会员
2687776775,8,1008,1308,高级会员
扭曲的轨迹,7,134,310,普通会员
肌肉嘎嘣脆,11,85,251,普通会员
zhudan4727,1,11,77,普通会员
it_jish,2,21,64,普通会员
雷纳1987,4,15,79,普通会员
石头队长,1,21,56,普通会员
小太阳1,2,10,52,普通会员
yatsennn,10,72,167,普通会员
囧zyy奥斯本,0,28,64,普通会员
一大波美男子,9,123,434,普通会员
treey,1,20,119,普通会员
ljyky,7,33,142,普通会员
shi304610224,0,12,77,普通会员
wangxs9999,74,2万,2万,社区元老
smuggler,7,170,1120,高级会员
喜欢秋天,22,591,1094,高级会员
Pre,0,12,72,普通会员
kindbird,61,942,3875,金牌会员
changxiao1890,3,38,87,普通会员
到死还活着,2,25,167,普通会员
dcgo,18,103,398,普通会员
陆葛1978,1,35,116,普通会员
aldebaran1984,4,69,226,普通会员
sky7205478,2,59,168,普通会员
testsb,4,58,601,中级会员
为爱吃狂,3,31,133,普通会员
李苗苗,0,4,15,新手上路
ritchie2011,2,85,363,普通会员
luodawei,2,18,154,普通会员
陈陈和晨晨,0,26,87,普通会员
logic,1,186,311,普通会员
Bodying,1,48,140,普通会员
xia1967,20,81,361,普通会员
eric-1985,9,54,138,普通会员
优雅安然,2,16,40,新手上路
长颈鹿,2,104,196,普通会员
q6246866,11,92,340,普通会员
lsz1981626,1,5,64,普通会员
我为健身狂,60,1619,2320,高级会员
霍霍嘿嘿嘿,12,210,389,普通会员
冰冰冷默,67,940,1856,高级会员
东北至东南,13,84,224,普通会员
小白兔呸,82,4170,5581,社区达人
lovemoney,0,32,56,普通会员
我是火车王,0,5,114,普通会员
madmanwzh,2,6,40,新手上路
reck0ner,1,27,243,普通会员
miaoxiaole,18,483,664,中级会员
xuye余太叶,10,352,569,中级会员
hansen,2,14,43,新手上路
240210453,2,13,19,新手上路
910535355,1,54,128,普通会员
jiaojiaozhimi4,4,10,54,普通会员
明天是个晴天,0,26,80,普通会员
慢速度,2,5,151,普通会员
xiaoheipiff,0,6,23,新手上路
aieabibby,1,13,113,普通会员
魅夜魅夜,1,19,51,普通会员
施瓦辛成,1,14,151,普通会员
天道盟00,5,148,341,普通会员
jihaooo,8,154,599,中级会员
丶往事随风,2,11,54,普通会员
hao1313bbb,6,21,116,普通会员
magicgoa,0,17,45,新手上路
blueschen,9,1523,1812,高级会员
默写古诗,3,68,310,普通会员
紫竹依依,125,2万,2万,社区达人
安静的玫瑰,6,4760,6053,金牌会员
xi_xi2014,111,6万,7万,社区元勋
llokfm,3,30,82,普通会员
ANNzxy,83,1万,1万,社区达人
李崃瑞,2,7,28,新手上路
海淘小乐乐,7,258,404,普通会员
helldy,0,3,72,普通会员
囡宝ai+,213,3998,5626,社区达人
凤凰A,2,4,27,禁止发言
猫主席,6,98,290,普通会员
锦衣夜行,0,7,113,普通会员
ab304141,5,20,140,普通会员
仙人掌娃娃,4,21,200,普通会员
Heartbreakid,0,2,89,普通会员
小雨她爸,8,49,348,普通会员
落寞烟花,0,7,41,新手上路
ajachen,6,17,139,普通会员
scswcc521,1,5,62,普通会员
sailfish,3,16,109,普通会员
CCCmatt,9,31,154,普通会员
henry_liangc,1,2,15,禁止发言
此身总在流水里,0,3,12,新手上路
SSKK,20,126,405,普通会员
恋恋YO娜,5,258,423,普通会员
eleven_white,2,11,34,新手上路
xixioo1980,12,124,321,普通会员
jinger,31,2312,2896,高级会员
一脸懵逼,4,26,109,普通会员
坚持就是胜利,125,2507,3777,金牌会员
zhou888,89,1337,1890,高级会员
云无心,1,19,115,普通会员
fgsd,51,544,1542,高级会员
idontknow2015,85,206,1044,高级会员
ihwym,2,3,31,新手上路
zhumao,12,59,226,普通会员
AL1,83,3万,4万,社区元老
toto_orz,1,14,32,新手上路
猫贝勒,0,1,5,新手上路
Jeeeett,2,22,55,普通会员
byteboy,2,9,38,新手上路
花是必罗帮,80,3万,4万,社区达人
yqian0328,11,23,123,普通会员
zliang9999,21,517,1480,高级会员
lemontree.fy,148,3725,5661,社区达人
caobao3880,78,895,1467,高级会员
Drgaon520,0,3,19,新手上路
小草好强,1,7,23,新手上路
冷夜,185,3094,5502,社区达人
mywsuzhou,1,7,59,普通会员
我菠若菠萝蜜,91,1130,2478,高级会员
弩冥冰,1,11,29,新手上路
愤怒的小鸟,0,1,20,新手上路
aries19890417,19,219,648,中级会员
lmjjun,1,6,22,新手上路
YStrong,0,2,9,新手上路
destinyGG,1,11,54,普通会员
mianqiu,0,2,44,新手上路
milly123,11,45,538,中级会员
tclyg2008,1,32,103,普通会员
z8255291,0,1,20,新手上路
ttt123,0,2,249,普通会员
lalalura,4,103,164,普通会员
社会现象,7,144,1706,高级会员
ｉ她b,3,48,180,普通会员
梦幻笑容,0,2,25,新手上路
仁义无双周都督,0,3,66,普通会员
snakyy,1,6,48,新手上路
wbing,37,545,1137,高级会员
时光倒流,3,12,29,新手上路
﹏習慣丶唄懓,108,2万,2万,社区元老
风吹过夏天,1,39,61,普通会员
pepsicncola,19,279,835,中级会员
kkmids,2,10,40,新手上路
小明xxx,1,4,18,新手上路
风风飞,2,20,44,新手上路
消失的蛋蛋,123,4002,5852,社区达人
huihuizhu,0,4,27,新手上路
454337946,5,26,100,普通会员
轩雨爱,1,5,29,禁止发言
问道611,1,21,99,普通会员
推荐码互用,6,97,309,普通会员
司马瑜,0,6,33,新手上路
翻脸无情,21,1031,967,中级会员
LINQQ,106,1475,2846,高级会员
fscracken,40,3万,3万,社区元老
静❤零零,80,1987,3737,金牌会员
妥妥,62,2万,2万,社区达人
Jeff,1,9,29,新手上路
风见隼人,4,67,111,普通会员
doodoo1992,2,22,66,普通会员
dd52131,113,6万,7万,社区元老
怪蜀黍有练过,1,11,20,新手上路
我不是伯爵,9,171,251,普通会员
_坑主_,4,80,174,普通会员
舌尖上的美食,80,1万,2万,社区元老
JAGER,8,125,443,普通会员
jxwua,2,8,35,新手上路
bobo2009,172,2767,4691,金牌会员
lwmbest,5,990,2125,高级会员
gu_0203,4,36,88,普通会员
wangzhenhuan11,2,16,29,新手上路
xlyjt,5,97,151,禁止发言
shenweng,1,102,281,普通会员
suncoo,5,18,56,普通会员
a88384220,5,5,35,新手上路
超级大坏蛋,10,24,109,普通会员
kenengbuzai,38,184,1486,高级会员
佳茵MM,9,163,282,普通会员
ppldgg,5,114,484,普通会员
steve007,13,47,273,普通会员
xukaixy,2,10,27,新手上路
嘉浩鸡毛,5,50,86,普通会员
鱼鱼鱼鱼鱼鱼,8,120,187,普通会员
francislau,8,32,71,普通会员
YuAsaKuRa,0,8,67,普通会员
bbbbayern,0,3,16,新手上路
不须归,18,281,462,普通会员
ruiruitao,2,11,70,普通会员
iceman003,0,2,18,新手上路
765027141,1,4,22,新手上路
fire、,0,24,52,普通会员
三日光光,2,13,46,新手上路
deathsolo,1,8,36,新手上路
zoeboatt,7,26,232,普通会员
最爱路飞,32,167,606,中级会员
榴芒芒,98,8880,1万,社区元老
猪头倩,72,1万,1万,社区达人
上山打老虎,2,22,66,普通会员
xiangpro,0,1,28,新手上路
jstef,4,14,53,普通会员
兰花,64,18万,21万,社区元老
chenaiben,1,5,54,普通会员
戆您,1,15,70,普通会员
jiaolian,9,38,303,普通会员
huangjia920,1,8,46,新手上路
xiaobotongzhi,1,2,31,新手上路
海淘新新新手,15,248,560,中级会员
花无缺,1,26,262,普通会员
胖胖,3,2505,3456,金牌会员
阿FI,113,10万,11万,社区元老
CY07,1,6,110,普通会员
ljsay,1,16,26,新手上路
yz123456233,11,71,150,普通会员
我最亲爱的影子,100,3万,4万,社区达人
roger570s,13,130,1325,高级会员
seohyun020301,1,6,36,新手上路
全村希望,1,5,15,新手上路
凯里-欧文,5,29,91,普通会员
linphinix,0,8,84,普通会员
背着孩子去购物,41,6万,7万,社区元老
yuebingjiang,102,1358,3767,金牌会员
茗茗麻麻,13,270,413,普通会员
西北东南亚,1,1,39,新手上路
韶华半尺,1,3,15,新手上路
SevenW,165,9万,11万,None
物以稀为贵,9,228,428,普通会员
mua,6,56,183,普通会员
xiaoren6412,1,4,107,普通会员
asuka126,3,21,129,普通会员
louisaliao,5,98,162,普通会员
wangyan8848,10,35,108,普通会员
HaiSPu,0,1,14,新手上路
为自己海淘,11,69,980,中级会员
诺诺的妈妈,79,1111,2151,高级会员
shibowen,3,15,47,新手上路
暴风炎,0,21,36,新手上路
